{
    "loss": 0.38054358959198,
    "accuracy": 0.9051724076271057
}